,Unnamed: 0,sepal_length,sepal_width,petal_length,petal_width
count,150.0,150.0,150.0,150.0,150.0
mean,74.5,5.843333333333334,3.0573333333333337,3.7580000000000005,1.1993333333333336
std,43.445367992456916,0.8280661279778629,0.435866284936698,1.7652982332594667,0.7622376689603465
min,0.0,4.3,2.0,1.0,0.1
25%,37.25,5.1,2.8,1.6,0.3
50%,74.5,5.8,3.0,4.35,1.3
75%,111.75,6.4,3.3,5.1,1.8
max,149.0,7.9,4.4,6.9,2.5
